{
  "throttle": {
    "DAILY_LOSS_LIMIT_HIT": 1766183182.089847,
    "NEWS_VETO_TRUE": 1766183182.0959945,
    "ORDER_TIMEOUT_FALLBACK": 1766183182.10177
  }
}